customer_id,first_name,last_name,email,phone,address,registration_date
1,Robert,Stevens,lindameyer@yahoo.com,(933)924-3809x419,"3594 Natalie Gateway Apt. 561
West Caitlinville, WV 32801",02/06/2024
2,Christopher,Ball,hillsusan@russell.net,001-982-625-0934x317,"63558 Brooks Bypass Apt. 110
East Michaelaport, VT 92598",18/02/2022
3,Jason,Paul,greenbrandon@yahoo.com,448.470.7216x54191,"110 Mendoza Shoal Suite 278
West Stephanie, AL 32197",04/04/2021
4,Donald,Perez,walkerjohn@hotmail.com,207.360.5747x7140,"PSC 4475, Box 5884
APO AE 37681",27/04/2021
5,Edwin,Dennis,melissa69@hotmail.com,985-191-7651,"2828 Cunningham Meadows
Lake Michaelmouth, MI 15795",02/08/2021
6,Patrick,Beck,katie24@scott.biz,4462820487,"73610 French Park Apt. 392
New Natasha, IA 67223",11/08/2020
7,Kaitlin,Dean,nelsonrachel@gmail.com,425.104.4802,"4941 Deanna Pike
Fernandezland, TX 61992",07/04/2023
8,John,Hardin,arielhays@yahoo.com,(745)945-8101,"102 Mosley Hills Apt. 386
Port Craig, WI 35966",12/08/2020
9,Claudia,Arroyo,amy66@yahoo.com,001-676-429-7037,"608 Huff Mission
West Cameronhaven, FL 87275",25/04/2023
10,Rachel,Jimenez,zvillanueva@lopez.com,477.508.9366x58373,"USNV Pace
FPO AP 92645",19/11/2023
11,Jennifer,Taylor,hjacobson@hotmail.com,325-066-0069x54515,"44248 Fernandez Ferry
Joshuaview, MT 73386",01/12/2022
12,Erin,Garcia,rramos@gmail.com,(422)206-1795x5343,"372 Francisco Mill Apt. 261
North Alexandriaberg, PA 30296",23/10/2020
13,Devin,Allen,williamsbrian@yahoo.com,001-386-342-6696x48777,"47978 Teresa Well Apt. 302
New Nancyside, WA 98465",19/01/2020
14,Jenny,Pugh,jwilson@ryan.biz,-3671,"2058 Miranda Bypass Suite 024
South Jefferyfurt, HI 67390",15/07/2020
15,Timothy,Young,sgriffin@gmail.com,042.990.3830x1440,"4333 Hopkins Shore Suite 758
Michaeltown, IL 42938",22/05/2023
16,David,Nunez,johnlopez@gmail.com,232.551.9903x29240,"15916 Bryan Bridge Apt. 890
West Courtneyfort, CT 77875",27/08/2020
17,Amber,Morton,thomas97@gmail.com,322.457.4923,"PSC 0399, Box 6019
APO AE 63810",29/02/2024
18,Krystal,Davis,sandra79@wilson.com,404.806.0946x3295,"08318 Roberts Canyon Apt. 440
Parsonsmouth, AZ 21833",29/11/2023
19,Dominic,Wright,stevenstheresa@jones.com,(115)117-5620x07015,"Unit 1608 Box 6331
DPO AA 77859",07/04/2024
20,Margaret,Santiago,steven44@gmail.com,1857063740,"6402 Heather Station Suite 406
Lake Sandraside, WV 02515",07/06/2020
21,Michael,Gross,robert33@salinas-dean.org,+1-935-617-3300x6022,"9779 Amber Throughway
East Tammy, ND 13850",07/08/2022
22,Peter,Kent,jeremy52@yahoo.com,629-221-0167x17132,"Unit 4972 Box 4006
DPO AA 15507",27/03/2022
23,Wayne,Bennett,christophersmith@yahoo.com,(275)262-0740x574,"54620 Paul Viaduct
Lake Aliciatown, OH 84096",01/10/2023
24,Greg,Clark,schwartzandrea@gmail.com,926-646-5381x79502,"4334 Williams Station
West Jimmychester, ID 76093",17/02/2020
25,Walter,Vance,sotobethany@collins-nelson.com,877-302-6627x847,"4421 Gary Summit Apt. 593
Rachelmouth, OH 50643",30/08/2020
26,Bruce,Hill,alejandra74@christensen.com,5422670837,"3841 Jessica Squares
Garrettburgh, DC 69078",08/05/2022
27,John,Mejia,trevorrodriguez@hotmail.com,(899)219-5125,"47101 Wood Divide
Rodrigueztown, AK 87887",22/05/2020
28,Jennifer,Gonzalez,lgreer@hotmail.com,483-252-5547x85704,"705 Russell Viaduct
North Rebeccashire, KS 08887",15/02/2023
29,Jasmine,Hodges,msherman@carpenter.net,157-663-7211x66214,"8665 Li Underpass Suite 848
Torreshaven, MA 27122",27/04/2020
30,Nicholas,Anderson,burgesspatrick@yahoo.com,+1-116-942-1852x2758,"12714 Taylor Lodge
Sullivanchester, MT 89547",18/12/2023
31,Jennifer,Sanchez,davesimon@ryan-wood.net,645.346.5114,"8210 Amanda Pass
North Blakeland, GA 50748",01/10/2020
32,Monica,Singleton,jenniferfischer@hotmail.com,139-821-8447x908,"89596 Sarah Island
Lake Melvin, AR 77248",12/08/2022
33,Laurie,Randall,kyleross@hardy-french.com,156-884-4698x861,"78360 Leslie Summit
Richardland, AZ 10645",28/11/2020
34,Aaron,Hill,russellandrea@yahoo.com,516.039.2947x03237,"0618 Christy Canyon Apt. 027
New Tamara, IL 24672",05/08/2023
35,Dawn,Williams,joann07@hotmail.com,866-142-6581x791,"8287 Catherine Hill
Campbellville, NC 00669",27/10/2020
36,David,Morales,erinturner@evans.com,(045)982-2817x930,"69196 Joseph Meadow Suite 841
South Andrewmouth, FL 46494",17/06/2023
37,Shannon,Pope,hjordan@smith-bell.org,001-138-232-8337x31627,"6043 Brett Forks
Ericksonmouth, OH 88376",21/10/2023
38,Jonathan,Williams,waltonchristine@gmail.com,(361)490-8482x7109,"USNV Delgado
FPO AA 83190",15/12/2020
39,Dana,Martin,vdickson@gmail.com,+1-987-485-9085x0800,"750 Bryant Gardens Apt. 910
Port Jenniferton, ND 71685",19/05/2020
40,Emily,Sharp,davidrobinson@colon.com,726.185.8779x9774,"73625 Sheila Mount
East Rebeccaside, MI 52546",15/03/2022
41,Heather,Williams,tpatrick@barajas-newman.com,616-814-7515,"624 Sarah Tunnel Suite 865
West Cindyport, HI 58334",11/04/2024
42,Sarah,Davis,jenniferallen@gmail.com,(657)440-6521,"74455 Hector Meadows
Adamtown, KY 37675",22/11/2022
43,Stacy,Chang,kylewilliams@gmail.com,001-923-783-2938x700,"687 Christopher Isle Apt. 979
Davenportfort, WV 41324",22/06/2020
44,Kevin,Mcclure,michelle44@fry-little.com,001-492-700-7198x971,"32233 Marsh Roads Suite 211
Millerview, AL 90918",05/10/2021
45,Nina,Ballard,drakehayden@lee-harris.net,509.643.5540x349,"468 Knight Valleys Apt. 817
Randallchester, DC 35573",16/08/2022
46,Lisa,Anderson,roberto25@frost-morales.com,001-203-922-7174x6674,"6664 Hunt Junction Suite 595
South Ricardo, AZ 92088",22/12/2021
47,Elizabeth,Rose,probinson@gmail.com,289.139.3393,"64116 Brittany Gardens
South Jessica, OK 30530",15/07/2022
48,Stephanie,Leon,simmonssean@hotmail.com,(232)250-1219x33038,"419 William Ridge Suite 827
Port Dana, NY 30191",25/08/2023
49,Brian,Chapman,bethharris@yahoo.com,001-110-747-9086x92511,"62668 Katie Plains
New Patricia, IA 82776",21/09/2021
50,Sara,Hamilton,lindseyashley@gmail.com,(195)725-9873,"640 Christine Burg Apt. 864
Danieltown, ND 02955",25/06/2020
51,Krystal,Snyder,barbara15@wolf-suarez.com,(354)453-0379x21285,"6178 Kyle Ramp Apt. 571
Youngburgh, AL 99368",27/03/2023
52,David,Bailey,lopezerica@yahoo.com,098.397.4680x931,"1755 Ramirez Harbors Suite 545
Schmitthaven, KS 74123",06/02/2023
53,Stephen,Peterson,spatton@stout.com,-3966,"131 Perry Loaf
Lake Jonathanfurt, FL 55320",26/03/2023
54,Anthony,Harrell,christopher82@hotmail.com,933-253-6957,"32585 Clark Inlet
Meganburgh, SC 37150",09/02/2020
55,Chelsea,Mendoza,ramosashlee@mooney-reynolds.com,627-734-0778x271,"9661 Rodriguez Unions Suite 062
North Angelachester, NC 80179",12/11/2023
56,Kimberly,Kim,jameswalker@stevens-miller.com,949-134-7298,"Unit 7527 Box 5544
DPO AA 88787",15/02/2024
57,Kim,Walker,wilkinspatricia@hotmail.com,329.364.7441x5188,"5782 Michael Parkway Suite 593
New Kimberlyside, MO 81351",16/11/2022
58,Sean,Wilkinson,martinelizabeth@yahoo.com,361-664-0586x83859,"2244 Tanya Points
Jeffreyberg, NY 25546",21/03/2024
59,Michael,Cox,cortiz@hotmail.com,7130450469,"11797 Raymond Inlet
Catherinebury, OH 03557",17/02/2021
60,Courtney,Simpson,steve27@mosley.com,+1-874-397-4892x811,"PSC 4212, Box 5805
APO AA 38623",12/08/2021
61,Ashley,Smith,tammy20@yahoo.com,723-767-3662x235,"Unit 1860 Box 1653
DPO AP 31030",22/05/2024
62,Blake,Hernandez,hortonalyssa@reyes.net,001-341-298-6598x17429,"891 Scott Skyway Apt. 581
Medinaton, VA 34657",15/03/2024
63,Samantha,French,odaniels@sanchez.biz,712.297.4179,"7655 Simmons Cliff
Reneeborough, NY 51571",11/03/2020
64,Brian,Green,andreaweaver@yahoo.com,201.706.3496,"PSC 5422, Box 3938
APO AE 83521",25/10/2021
65,Alicia,Davis,oscarvaughan@hernandez.com,285.197.4149x5285,"06920 Duane Heights Apt. 941
West Kathrynfort, SD 76625",16/06/2023
66,Gary,Hall,nicolelara@gmail.com,(036)621-6850,"28380 Brown Cove Suite 539
North Amandaport, NJ 59029",15/12/2023
67,Christina,Russell,lovebrittany@yahoo.com,+1-474-726-2714x005,"553 Brown Bypass
Port Richardmouth, CA 38749",10/06/2023
68,Erik,Merritt,paynedavid@pena.com,877.906.5107x979,"05697 Edward Terrace
Nancyhaven, ME 15219",19/01/2022
69,Jessica,Shaw,joserichardson@erickson.com,839.754.7687x38632,"036 Murillo Fort Suite 190
West Seanfurt, MT 58276",24/04/2024
70,Tiffany,Davis,jamesrichards@gmail.com,(346)591-8852,"056 Craig Lane
Fieldsland, SD 63225",07/08/2021
71,Brittany,Hernandez,hunterrandall@yahoo.com,(020)434-8669x686,"2580 Gomez Villages
Port Anthonychester, HI 04740",16/07/2023
72,Mario,Fuentes,kimberlymoore@hotmail.com,6848284921,"9420 Brian Glen Suite 285
Nicoleshire, MI 31960",16/02/2024
73,Rebecca,Hansen,greenjennifer@peters.com,+1-271-377-5814x6681,"0186 Eric Junction
Tiffanyland, WA 83043",05/08/2023
74,Melissa,Mcpherson,brandyirwin@yahoo.com,596.873.2306x6518,"214 Randy Forest
Port Curtis, KS 08099",03/10/2022
75,Holly,Christian,reyesmary@yahoo.com,310200111,"232 Anna Creek
New Crystalland, IA 00720",05/03/2022
76,Robert,Valdez,rebeccamcconnell@gmail.com,+1-880-713-2024x0480,"USS Rodriguez
FPO AA 59246",01/06/2023
77,Wendy,Garcia,johnsontravis@gmail.com,+1-670-577-6957x5884,"Unit 5010 Box 3306
DPO AA 71908",21/05/2021
78,Melissa,Hodge,ashleycooper@hotmail.com,001-462-504-0110x129,"1876 Duane Heights Apt. 651
New Caroline, MT 74031",22/05/2023
79,Daniel,Sims,fclark@bush.com,995.376.5868,"50046 Andersen Pines Apt. 192
Anitaside, WV 67304",01/02/2024
80,Maurice,Hernandez,pricecaitlin@lopez.com,-10809,"Unit 8629 Box 2298
DPO AE 45949",12/03/2023
81,Lorraine,Tyler,johnpugh@banks.com,(623)894-3148,"702 Andrea Mountains Apt. 562
Port Jessica, DE 37122",07/05/2021
82,Natasha,Lyons,laurie12@yahoo.com,010-574-0873,"078 Warner Loop Apt. 897
Marthaside, NY 73705",26/09/2023
83,Matthew,Taylor,oliverjohnathan@dennis.biz,049.450.0937,"544 Christopher Roads
New Shannon, DC 36770",19/10/2022
84,Caitlin,Dixon,ngarcia@allen.net,085-508-8024,"63447 Cuevas Court
Port Tracytown, IN 24802",19/10/2020
85,Norman,Grimes,william86@hotmail.com,001-861-531-2040x65690,"420 Fields Passage
Port David, IA 53883",28/04/2022
86,Jonathon,Johnston,daltondonald@gmail.com,001-835-427-9969x97380,"Unit 2551 Box 5790
DPO AA 27413",21/09/2020
87,Elizabeth,Ray,tashareed@spencer.com,196-270-3473x8385,"695 Tristan Forks
Norriston, FL 01383",13/05/2021
88,Alisha,Robinson,bakercatherine@chambers.com,+1-529-516-9915x4224,"015 Jennifer Ramp
North Melissa, MT 42752",13/08/2022
89,Anthony,Miles,ylawrence@hotmail.com,3984079116,"0717 Julie Knolls Suite 544
Freemanchester, AL 18289",08/03/2023
90,Jamie,Hammond,youngalex@hotmail.com,7587924427,"PSC 2066, Box 9986
APO AA 76916",03/02/2023
91,Lauren,Sloan,unelson@lozano.com,+1-753-755-0290x15861,"3239 Perez Crossing Apt. 647
Millermouth, KS 56261",08/10/2023
92,Corey,Bryant,rick55@rivas-collins.com,001-784-453-1067x82130,"5027 Briana Lodge
Port Daniel, KY 91792",09/10/2022
93,Joel,Kirby,samantha25@hotmail.com,001-723-808-7215x7580,"85765 Phillip Junctions
Michellefort, MO 58229",15/02/2024
94,Miranda,Maddox,pinedawesley@leblanc.org,001-599-822-5965,"056 Clayton Expressway Apt. 999
Marytown, NM 19744",03/09/2022
95,James,Brown,fcruz@raymond-franco.info,255.881.4544x088,"460 Smith Freeway Apt. 743
Jimenezburgh, WV 45618",21/10/2023
96,Jennifer,Smith,dcastro@humphrey.net,3816129125,"9479 White Knoll Suite 850
Victoriastad, ME 89885",10/11/2021
97,David,Phillips,anthonymorris@baldwin-calderon.biz,818-314-8302x98004,"506 Mccall Plaza
East Maria, CO 17395",16/08/2021
98,Nicholas,Morales,zshields@yahoo.com,9969723730,"8180 Amanda Lake Suite 386
East Scott, CT 41854",13/12/2022
99,Cynthia,Robinson,chambersscott@diaz.net,499-374-7564x857,"4614 Victor Club
South Rebecca, SC 08695",09/03/2020
100,Rachel,Russell,sabrina56@gmail.com,027.738.9943,"0472 Robert Ridge
North Ian, MI 36260",19/08/2021
101,Rachel,Rosario,adamsmaria@gmail.com,397-388-5225,"9003 Smith Green Suite 166
Andrewsport, VT 30285",30/06/2023
102,Ashley,Hansen,pmcdaniel@gmail.com,(021)469-1043x459,"PSC 7152, Box 2213
APO AA 01007",23/12/2021
103,Brittany,Gross,keithvasquez@yahoo.com,428.022.1883,"41951 David Light Apt. 292
Lake Brianberg, MI 82123",30/04/2021
104,James,Walker,vancejustin@knight.net,862.314.6030x39701,"9712 Kevin Underpass
Matthewmouth, NJ 99565",07/12/2021
105,Vincent,Murphy,danieljohnson@hawkins.com,425.242.4450x89365,"97906 Carey Plains
Hicksland, NJ 16748",27/01/2020
106,Leslie,Hanson,thompsonfrank@gmail.com,+1-533-130-5380x35847,"6055 Castillo Port Suite 922
Lake Crystal, NV 87234",08/05/2020
107,Cynthia,Wolf,sherri74@yahoo.com,039-947-0425x00049,"17917 Walker Harbor
West Eric, TN 69209",06/05/2020
108,Sarah,Stewart,chadmayer@gmail.com,001-982-272-6664x2311,"048 Wright Crossing
East Anthonyland, GA 06155",17/08/2023
109,Debra,Montoya,joseph99@williams.net,(656)177-0299,"67062 Beth Locks
North Mariahtown, LA 34881",03/06/2022
110,Crystal,Powers,qobrien@callahan-johnson.net,(639)887-1998x40315,"0812 Bryce Mountains
Duanehaven, OH 41341",19/04/2024
111,David,Hill,michael66@hotmail.com,001-183-686-6186x88785,"Unit 9553 Box 2313
DPO AA 04917",20/07/2020
112,Daniel,Hart,dwayneyoung@mcknight.com,868-616-6352x438,"4894 Owen Extensions Suite 209
Thompsonhaven, ME 47683",22/05/2024
113,Anthony,Fernandez,ogarcia@martinez-thomas.com,(472)267-0310x7614,"01622 Medina Island
Deborahtown, AR 32260",14/07/2021
114,Ryan,Moore,jcox@wheeler-dominguez.com,(319)594-5650x48008,"44989 Henson Gardens Apt. 343
Port Thomashaven, DC 53956",27/03/2022
115,Scott,Jackson,joshua09@stewart-lang.org,014-846-2767,"501 Torres Islands
South Monica, UT 37370",08/10/2020
116,Douglas,Meyer,hbowen@colon.info,001-055-252-5020,"2851 Smith Land
North Deborah, CA 85206",15/05/2023
117,Marissa,Scott,dboyd@yahoo.com,611-114-4862x6709,"943 Leon Meadows
Johnsonfort, LA 85366",29/10/2021
118,Denise,Harris,oho@hotmail.com,846.698.3062x22792,"639 Chambers Square
New Heatherfurt, MS 69752",19/10/2021
119,Spencer,Warren,floresscott@savage.com,-5068,"547 Wright Trail Apt. 554
Chambersmouth, VA 83411",09/10/2022
120,Toni,Dunn,mistyweber@williams-finley.com,339.164.4228x021,"PSC 5346, Box 9459
APO AE 93566",25/03/2023
121,Matthew,Clark,michele85@hotmail.com,4162340689,"76551 Shannon Harbor
North Sally, OK 16748",26/04/2023
122,Natasha,Smith,patricia68@cowan.com,785.752.1447x9574,"259 Stephen Views Apt. 831
West Kristinaburgh, VA 30123",16/05/2024
123,Mary,Navarro,brenda34@hotmail.com,001-046-128-3034,"3972 Christopher Route Suite 315
Travisberg, MA 97257",29/08/2023
124,Christina,Roth,ebrown@nguyen.com,(040)873-7322x70962,"PSC 8206, Box 3367
APO AA 60079",19/11/2022
125,Nicole,Mccormick,wendy76@hotmail.com,866.634.5859x857,"286 Owens Divide
New Dianeland, IN 10596",01/09/2022
126,Christopher,Frey,robertsalejandra@martinez-parker.com,960-252-7304x11354,"6732 Green Estates
East Eileen, TX 09429",06/12/2021
127,Savannah,Hoffman,jessicalewis@hotmail.com,842-583-9389,"93162 Kevin Square
East Williammouth, NE 75665",10/02/2024
128,Jacob,Cowan,paulbradford@gmail.com,515-724-5568x18442,"46719 Beth Roads
Paulview, ME 14929",02/07/2022
129,David,Johnson,armstrongrobert@gmail.com,115.116.3638,"00839 Charlotte Roads Apt. 819
West Chase, OH 14087",07/03/2023
130,Darren,Peterson,kellydawn@yahoo.com,273.349.1309,"72682 Kimberly Motorway Apt. 559
South Heatherfort, AR 52686",23/07/2021
131,Jacob,Tran,cbarry@hamilton-valentine.com,(353)827-9347,"851 Bailey Courts Apt. 495
Port Daisy, NV 17936",18/01/2021
132,Thomas,Durham,melinda25@yahoo.com,269.280.8347,"PSC 6870, Box 5795
APO AP 99700",02/05/2023
133,Cristian,Orozco,greenjennifer@yahoo.com,(202)343-7751x5923,"PSC 1267, Box 9800
APO AP 78825",29/06/2020
134,Ronald,Peck,avasquez@gmail.com,066-129-1385x1715,"1045 Morris Inlet Apt. 611
Ericfurt, WV 03576",20/06/2022
135,David,Dougherty,ramseyjames@schmidt.net,(492)537-1019x61952,"PSC 7998, Box 3248
APO AA 94517",16/02/2022
136,Rebecca,Jensen,alexandercrawford@williams.net,018-982-6369,"040 Patterson Course Apt. 401
West Michaelmouth, LA 70538",12/03/2022
137,Dale,Lane,brycehampton@sanders.com,3424306809,"3438 Denise Cove Suite 882
East Joseph, SD 62654",28/08/2023
138,Jimmy,Barker,christensenjoshua@hotmail.com,136-046-1084x6818,"69325 Williams Tunnel Suite 249
Thomaschester, NJ 17037",24/10/2023
139,Erica,Smith,cheryl14@yahoo.com,154-467-9807,"8910 Connie Inlet Suite 796
New Alicia, AR 48795",01/06/2023
140,Theodore,Browning,egould@koch.info,001-030-742-7442x47105,"269 Lisa Viaduct Suite 506
West Erikport, ME 47052",19/07/2021
141,Darryl,Davis,karenfernandez@hotmail.com,970.530.6470x354,"2284 Reyes Knoll
Schmittborough, MA 49054",24/04/2023
142,Amanda,Ibarra,qrogers@porter.biz,+1-226-378-3697x681,"61194 Jose Street Suite 086
South Michael, MN 14353",22/08/2023
143,Kristina,Martinez,ryan44@hotmail.com,-10433,"4579 Miranda Pike Suite 334
Smithville, MN 11137",02/09/2022
144,Erin,Monroe,hcarter@hotmail.com,-7268,"7328 Christopher Shoal Suite 354
New Shaneland, OK 12072",30/11/2020
145,Justin,Smith,zcarey@hunter-martinez.biz,705-349-7045x576,"645 Serrano Corners Suite 990
Thompsonside, NJ 19715",23/11/2022
146,Tammy,Griffin,stewartamy@jones.com,407.953.6001,"574 Wagner Light
South Marcburgh, SD 23054",01/02/2020
147,Christy,Brooks,peterconner@yahoo.com,001-702-797-2727x788,"50584 Kevin Way Apt. 548
Lake Lisachester, TX 07581",22/08/2020
148,Andrew,Church,johnsonalejandro@alvarez.com,001-778-830-9082,"23643 Chavez Pine
Port Katherineside, GA 23093",30/08/2023
149,Tommy,Smith,joseph98@yahoo.com,478.718.4369x99633,"5743 Summers Port Suite 838
Paulaburgh, KS 30776",17/12/2020
150,Andrew,Jordan,wfoster@gmail.com,001-585-939-8297x706,"USCGC Rose
FPO AE 48254",09/12/2020
151,Cynthia,Terry,martinmatthew@avila.com,099-314-3843,"9304 Gerald Field
Walkermouth, MI 48882",26/11/2023
152,Nicholas,Kane,wthompson@hotmail.com,782-847-5367x38728,"2065 Smith Dam
North Lisamouth, KY 04553",16/08/2021
153,Daniel,Gonzalez,charlesosborn@graves-johnson.com,(135)670-9632x91803,"07816 Gary Isle Suite 778
Robertstad, CA 53810",13/11/2022
154,Wendy,Richardson,davidchen@hotmail.com,+1-772-431-3459x302,"0731 Eric Island
North Aprilchester, MO 17342",26/11/2021
155,Brittany,Bennett,emorgan@bishop.com,814-806-8207x1358,"17463 Anderson Row Suite 515
New Karen, NY 34157",29/12/2020
156,Amanda,Tucker,igray@gmail.com,+1-666-884-7390x35740,"596 Turner Manors Apt. 611
North Sara, ID 36599",26/07/2021
157,Charles,Combs,jperez@andrews.com,(773)669-9232,"051 Brian Plaza Suite 800
North Jennifer, OR 98566",23/05/2022
158,Susan,Jackson,sean66@gmail.com,271.328.9013x1449,"PSC 9196, Box 6851
APO AA 75184",11/07/2021
159,Rebecca,Watson,adamswendy@hotmail.com,405-834-7374x21711,"1209 Daniel Junctions Apt. 912
Rodriguezside, MN 23469",26/06/2021
160,Seth,Ashley,dana63@yahoo.com,(218)262-1269,"7172 Warren Lakes
Port Cassandra, WV 36136",03/03/2021
161,Matthew,Sloan,robertorichard@porter-silva.org,(798)499-8384x664,"5287 Webb Prairie Suite 180
West Kenneth, AL 88060",27/07/2022
162,Elizabeth,Brown,krodriguez@yahoo.com,(032)684-5723x921,"966 Tracy Road
Thompsonville, WA 94508",20/12/2023
163,Timothy,Reeves,jessica31@hill-cruz.biz,8539484913,"691 Elizabeth Valleys Suite 970
Calvinburgh, AK 01915",17/05/2022
164,Elizabeth,Martinez,brandirobinson@hill-buchanan.com,(872)637-2929,"265 Schmidt Flat Apt. 384
Richmondside, NM 71872",06/08/2021
165,John,Schroeder,riveralauren@hotmail.com,2662847085,"303 Mike Flats
New Brianview, DC 69965",20/05/2022
166,Jeremy,Carey,jessicareid@pham-sanders.com,992.783.3762,"98180 Christina Tunnel Apt. 342
Jeffreyfort, CO 20268",03/09/2022
167,Gary,Hill,ekelly@parks.net,+1-263-680-9377x5180,"11347 Adam Parks
Micheleside, NE 66254",27/02/2024
168,William,Lynch,charlesrichard@jones-sanford.com,241-450-3189,"Unit 9300 Box 6960
DPO AA 68853",16/03/2020
169,Nicole,Watson,yrhodes@lee.com,728-046-2511,"78713 Fox Fords
Jacksonville, MN 05919",03/11/2020
170,Steven,Mcbride,beverlyedwards@johnson.info,(827)463-2847,"0558 Wright Estates
Patriciastad, SC 88250",04/04/2020
171,Richard,Castillo,blanchardmelissa@gmail.com,+1-537-680-4958x99487,"934 Alexander Loaf
Wardview, FL 75945",13/09/2022
172,Barbara,Thompson,qfrazier@hotmail.com,335-572-5271,"983 Christopher Mission Suite 843
Knightmouth, SD 74512",15/03/2024
173,Amanda,Cisneros,frank99@yahoo.com,450-622-8028x468,"410 Isaac Rest Apt. 140
Loganland, TN 09101",18/03/2021
174,Don,Chambers,duartemadeline@butler.com,+1-625-153-8583x57995,"08665 Black Well Apt. 874
Rodriguezhaven, AL 75648",27/09/2022
175,Christopher,Baird,lorettakhan@miles.com,9506277476,"920 Katrina View Apt. 025
Michaelton, CT 55360",11/06/2021
176,Isaac,Reed,lisaweaver@murphy.com,-2314,"019 Anderson Way
New Cassie, LA 72922",31/10/2022
177,Corey,Baldwin,mdavid@curry-herman.com,799.781.6856x119,"383 Watson Plain Apt. 998
Richardton, TN 30537",17/04/2021
178,Susan,Harrington,jenkinscody@davis.com,744.969.7345x80416,"37657 Rivas Heights Suite 497
Whiteview, MS 37427",05/11/2020
179,Diane,Silva,reidbrittany@hughes.net,825-612-8355,"USNV Steele
FPO AE 78239",16/06/2023
180,Christopher,George,udaniels@gmail.com,001-455-102-1702x6999,"219 Cruz Oval
Brownstad, CO 51247",28/02/2024
181,Robert,Gallagher,zkrause@patterson.net,(325)556-8044,"USCGC Baker
FPO AP 99718",22/08/2022
182,Patricia,Nelson,jimenezbonnie@brown.com,001-188-022-7946x207,"54122 Hernandez Hill Apt. 897
Moyershire, TX 79189",10/08/2022
183,Joseph,Farmer,pedwards@hotmail.com,(341)031-0214x9097,"3503 Dylan Route
West Christian, UT 68980",25/12/2021
184,Xavier,Weeks,lisa48@wilson-silva.net,934-960-2529x818,"USCGC Henry
FPO AP 35020",23/01/2024
185,Benjamin,Price,danieljulie@dunn.info,+1-839-179-0420x8012,"845 Nguyen Street Apt. 214
Amandaland, NE 92404",23/12/2022
186,Sean,Baker,ble@greene.com,069-657-9063x434,"923 Garcia Meadows
South Mark, WY 27752",14/12/2021
187,Gerald,Morris,mcdowelljeremy@fernandez.com,(611)415-1892,"9111 Hailey Landing
Port Emilymouth, IN 91592",08/02/2023
188,Calvin,Reyes,christophercrosby@yahoo.com,761.017.0098x63575,"0245 Salinas Port Apt. 830
Johnsonbury, AR 24079",04/02/2023
189,Ernest,Jones,eholmes@morse.com,001-514-945-5190x1526,"125 Nelson Fields Suite 777
Lake Emilyburgh, NE 51363",24/03/2021
190,Robert,Johnson,nathan49@hotmail.com,001-718-412-8871x855,"7155 Martinez Garden Suite 898
Tarastad, MD 66876",08/11/2020
191,Scott,Green,isaiahbrewer@hunter.biz,828.150.0849x90286,"060 Harris Court
South Kim, IN 70946",27/12/2021
192,Amanda,Miller,clarkhunter@gmail.com,662-579-0661x001,"00001 Julia Lake Suite 565
New Amanda, NC 71199",24/09/2021
193,Tyler,Thompson,brenda96@hotmail.com,+1-074-591-8616x3144,"472 Brewer Falls
Marthaview, KS 83290",21/02/2020
194,Robert,Valenzuela,stevensandrea@sandoval.com,001-345-223-0898x10597,"202 Nathaniel Brook
Lake Alejandroberg, VT 88704",27/10/2022
195,Anna,Henry,glenda19@yahoo.com,666.217.7025x51343,"1949 Stephen Drive Apt. 200
East Nancystad, DC 21150",01/02/2023
196,Victoria,Hill,jennifercastro@yahoo.com,893-391-5977x98301,"3760 Michelle Mews
Courtneyberg, MN 37802",05/03/2023
197,Raven,Villanueva,grahamrichard@hotmail.com,+1-773-279-2225x973,"Unit 0974 Box 1756
DPO AP 36394",30/10/2020
198,Crystal,Lewis,jamescampbell@hartman.info,137-078-7336,"976 Ashlee Underpass
East Toddview, CA 73403",14/03/2020
199,Sarah,Sanchez,tammysellers@jacobs.net,9798387404,"8428 Megan Circles
North Jameshaven, ME 09538",01/12/2021
200,Thomas,English,tmercado@murphy.com,+1-348-773-9978x8279,"69152 Walker Cape Suite 766
North Jeantown, DC 11783",23/01/2024
201,John,King,michaelthomas@hotmail.com,+1-832-619-5310x777,"79735 Anderson Meadows
South Loribury, MA 96012",18/08/2022
202,Jeffrey,Jones,iwagner@gmail.com,+1-107-795-9916x553,"5625 Tiffany Estates
West Michaeltown, LA 20242",22/08/2022
203,Jean,Kent,gwendolynsmith@woodard.com,498-035-2022x0386,"4179 Henry Rue
North Teresamouth, ME 75390",02/10/2021
204,Maria,Coleman,larry32@yahoo.com,1136493074,"115 David Wells
North April, NJ 03346",16/09/2021
205,Tina,Blair,danielbrown@mcdonald.info,230-683-3867x781,"7774 Edwards Fort Apt. 728
New Johntown, RI 54202",22/04/2024
206,Christopher,Miller,alyssa63@davidson.com,245.450.6468,"Unit 0703 Box 0573
DPO AA 02907",24/01/2020
207,Mario,Garcia,moralesgregory@hotmail.com,(597)905-1145,"678 Nunez Key
South Yvonne, MA 44843",08/03/2024
208,Brenda,Cook,qgarcia@yahoo.com,001-603-961-4140x587,"59507 Roberta Mill
West Amandamouth, MA 88023",27/09/2020
209,Virginia,Davis,robin91@wallace.biz,452.322.6429,"1060 Lopez Track
Schmidtport, AK 27556",30/03/2020
210,Michelle,Riley,madison94@gmail.com,464-690-6388,"50335 Kelsey Ports Apt. 283
New Christopher, RI 60634",14/01/2021
211,Richard,Cooper,tamara14@ryan.biz,6295816724,"4466 Brown Mountain
West Robert, MT 71875",26/04/2023
212,Eugene,Watson,jeremypope@adams.info,310-812-0163x65174,"322 Hall Light Apt. 354
New Bonnieshire, NC 73282",27/10/2021
213,Joshua,Yu,marcus73@hotmail.com,225.380.3656,"873 Sue Centers
North Christopherland, MA 47084",30/11/2021
214,Nicholas,Roy,emoore@hotmail.com,542-064-8775x1070,"PSC 0092, Box 4389
APO AE 51431",15/04/2020
215,Matthew,Robles,anthony70@matthews-robinson.com,883-654-6260x3389,"860 Latoya Square
New Bethany, OR 12798",22/01/2024
216,Adrian,Hernandez,hwilkerson@hotmail.com,(939)120-1982,"Unit 2372 Box 7517
DPO AE 35011",20/12/2022
217,Stacey,Thompson,william70@gmail.com,+1-846-046-2053x6727,"932 Laura Lakes Apt. 228
Port Amymouth, NE 55627",04/06/2021
218,Patrick,Green,tammymorgan@yahoo.com,056-194-4694,"PSC 0451, Box 4264
APO AP 26113",02/09/2020
219,Bradley,Weiss,westmary@hotmail.com,953-172-7575x750,"Unit 0682 Box 7696
DPO AE 60744",22/02/2021
220,Mark,Roberts,dyergarrett@beck.com,652-786-0270x91938,"227 Bell Ferry
Anthonyland, NC 95103",26/01/2023
221,Kyle,White,kgonzalez@gmail.com,(119)534-5809,"92870 Lee Junction
South Tonyton, MD 85619",06/06/2020
222,Kimberly,Lopez,rebeccaanderson@hotmail.com,3642341975,"USNV Perez
FPO AP 28950",30/07/2021
223,Tracy,Allen,charleskelley@thompson-johnson.net,+1-328-199-2571x77653,"4751 Jennifer Heights Apt. 467
Chavezfurt, TX 21017",09/01/2024
224,Christina,Anderson,shelbysingh@yahoo.com,9202719258,"4654 Rivera Meadow
Richardland, NC 59152",15/01/2023
225,Dustin,Watson,fernandezstephanie@gmail.com,(479)097-2673,"59171 Caleb Roads
Jasonside, CA 34848",07/07/2020
226,Debbie,Reilly,lhudson@grant.com,4418577761,"USNS Hayes
FPO AP 06320",19/04/2020
227,Jessica,Holmes,arhodes@knight-rich.info,478-561-4120x2071,"110 Samantha Junctions
Luisborough, OH 03637",09/04/2020
228,Kelly,Cantu,acurtis@yahoo.com,228.984.8668,"18230 Montgomery Path Apt. 102
North Christinaberg, MO 43214",25/05/2023
229,Michael,Lopez,kellybradley@hotmail.com,630-237-6485x822,"734 Brian Station
Moorebury, ID 89614",04/03/2024
230,Anna,Garrett,craigroach@brown.com,5186766819,"9997 Brown Ridges
Tonyborough, SD 25943",25/07/2022
231,Jessica,Craig,jessicaoliver@williams-johnson.com,001-174-300-4393x32518,"77255 Fuller Prairie Suite 599
Nicholaschester, NC 39673",08/03/2023
232,Joanna,Oliver,qbecker@gmail.com,8710736408,"080 Briggs Canyon Suite 874
Wuburgh, WA 81447",20/05/2022
233,Nathan,Swanson,michaelpierce@gmail.com,195-245-7459,"710 Jon Glens
Benjaminchester, CA 02853",12/06/2023
234,Jane,Massey,kentjeffrey@krause.com,-3948,"1506 Jeremy Island
Port Sharon, MD 18656",27/10/2023
235,Jennifer,Curtis,alex82@gmail.com,605.560.0703,"88732 Anderson Curve
North Tammy, OK 42995",17/12/2023
236,Andrea,Kim,anna22@gmail.com,001-271-715-8145x1557,"0824 Lee Fields
West Paulashire, WY 27525",23/11/2020
237,Misty,Alvarez,michelle40@hotmail.com,677-826-6592x8244,"4958 Christina Shoal Suite 429
South Jonathanville, IA 63967",27/09/2021
238,Stephanie,Hamilton,bellkathryn@hotmail.com,(762)796-1268x2447,"97774 Armstrong Radial Apt. 022
New Carolynhaven, OR 42624",31/10/2021
239,Shirley,Doyle,michellewilson@levy.info,-9302,"76318 Lisa Club
North Roy, NY 09459",08/05/2021
240,Christopher,Meyers,harrisnancy@gmail.com,251.603.6263,"632 Brittany Roads
Port James, ID 68779",02/02/2022
241,Timothy,Glover,lopezlouis@yahoo.com,+1-664-102-5321x243,"PSC 9066, Box 0275
APO AP 62457",20/01/2020
242,Kelly,Gonzalez,jordanclarence@jarvis.biz,814-025-2492,"PSC 7354, Box 0729
APO AA 24193",05/11/2022
243,Matthew,Davis,tricia95@vaughn.com,954526966,"05085 Boone Springs Suite 656
Carlyton, ME 05498",14/06/2021
244,Melanie,Curry,odonnellshannon@yahoo.com,3509562248,"56179 Neal Stream
North Cherylchester, MO 08163",15/09/2023
245,Teresa,Tapia,tonya56@brown-curtis.biz,001-817-227-3328,"73667 Baker Ramp
Jonesmouth, IN 67766",03/05/2023
246,Deborah,Martin,hwatson@kelly.com,829-797-0832,"30456 Gonzalez Island
North Seanshire, TN 73514",17/03/2020
247,Darlene,Jordan,adamsjohn@yahoo.com,259-099-3831x90029,"093 Albert Lights Suite 032
Herreraside, NE 89689",01/06/2022
248,Jill,Pierce,phillip42@gmail.com,555.052.5442x94897,"0048 Gallegos Crossing
Ellenberg, MA 42516",11/08/2022
249,Nathan,Duran,kari14@alvarez-singleton.com,112.521.0341x89010,"049 Ronald Via Suite 094
Suarezberg, AL 04264",16/04/2024
250,Samantha,Perry,pamelahenry@yahoo.com,575-216-4216x4256,"6220 Joseph Locks
North Kaylashire, MA 89128",03/03/2020
251,Robert,Ellis,gabrielledixon@gmail.com,(212)426-5939x7245,"21148 Jon Park Suite 918
Simmonsside, WI 20890",27/03/2021
252,Connie,Mejia,darlenewilliams@mitchell-armstrong.org,1241211491,"07291 Escobar Station
Jacksonborough, NE 56785",14/12/2023
253,Kathleen,Jefferson,shensley@house-barber.com,8464038879,"996 Angela Track Apt. 851
Christophertown, DE 25241",17/01/2023
254,Christina,Bailey,scotthull@schwartz-patterson.com,807-679-6450x265,"83311 Natalie Stravenue
New Colleenfort, NE 90225",27/01/2024
255,Allison,Jackson,christophersmith@potts.com,(855)408-9496,"581 Vega Flats
Ritaland, DE 60868",26/08/2021
256,Tiffany,Cervantes,jennifer20@yahoo.com,043-649-9364,"266 Martin Ramp
West Nicoleburgh, MN 84451",17/01/2023
257,Diana,Powell,lisa88@rocha-black.com,4190434790,"525 Devin Cliffs
East Ryan, IA 14452",29/06/2021
258,Joshua,King,westvictoria@hotmail.com,964.369.6385,"PSC 3682, Box 7561
APO AA 54162",08/11/2022
259,Tammy,Pope,smithstephen@yahoo.com,2265101409,"011 Karen Via
Lake Patriciamouth, MT 89650",17/06/2023
260,Kevin,Goodwin,lflores@hotmail.com,678-895-1506,"3402 Richard Land
Bergerborough, WA 35460",16/07/2021
261,Rhonda,Gutierrez,kim46@hernandez.info,(970)576-8077,"3426 Gabriella Ferry
Evansmouth, FL 13688",01/05/2020
262,Mark,Ibarra,jessica89@yahoo.com,(584)527-4597x93571,"77351 Lee Isle Apt. 854
Acostashire, FL 34045",27/01/2024
263,Suzanne,Williams,tday@hubbard-craig.com,528-685-8661,"274 Williamson Mountains Apt. 615
West Bobland, MS 86440",05/04/2023
264,Kenneth,Ramirez,rodriguezjeremiah@fitzpatrick.net,+1-671-588-2443x640,"91165 Austin Rapids Apt. 248
Allenborough, NY 99134",02/02/2022
265,Rebecca,Gill,michael12@powell.net,391.345.9074x402,"54975 Melissa Junction Apt. 961
Danielport, WI 82348",30/05/2023
266,Kathleen,Jackson,shelleyoliver@clayton.com,1200912003,"708 Charles Harbors Apt. 245
North Elizabeth, CO 37070",30/12/2020
267,Micheal,Kent,smithdiane@yahoo.com,716.661.7837x499,"9417 Jacob Turnpike Apt. 879
South Davidview, WV 75501",19/12/2020
268,Wesley,Davenport,brian91@yahoo.com,+1-913-678-8916x7216,"60219 Watson Highway
East Donaldburgh, MO 80344",13/02/2022
269,Amy,Haynes,braynicholas@yahoo.com,6769938724,"PSC 5994, Box 2037
APO AP 52971",24/02/2020
270,Fred,Conley,uthomas@yahoo.com,2575868884,"940 Laura Spring Apt. 058
Lake Chrisside, GA 42109",26/08/2021
271,Linda,Norris,schapman@ray.com,(736)226-5421,"175 Welch Wall Apt. 950
Thomaston, OR 30362",27/07/2021
272,Cathy,Johnson,ishelton@chen.org,001-416-345-9268x90445,"7405 Kemp Crescent
West Cherylshire, TX 58689",05/01/2020
273,Laura,Velazquez,ryan95@ibarra.com,752-967-0771x848,"1885 John Crescent
West Ricardo, TX 22973",29/02/2024
274,Brandon,Carr,justinortega@hotmail.com,460-981-8672x1532,"PSC 5524, Box 2059
APO AP 71203",07/06/2020
275,Kevin,Patel,nicolelindsey@carpenter.com,023-679-9380,"2563 Nelson Canyon Apt. 454
Rodriguezburgh, NY 75784",06/11/2022
276,Scott,Kane,howardwilliams@hotmail.com,(380)647-7041x603,"4198 Johnny Motorway Apt. 665
Allisonmouth, NV 75714",10/02/2024
277,Beth,Keller,hbarnett@hotmail.com,+1-809-038-6222x266,"11976 Sean Islands Apt. 724
North Molly, ID 30903",04/05/2024
278,Andrea,Peck,danielle13@gmail.com,-9350,"92907 Tanya Walks
Frederickbury, UT 01157",31/07/2023
279,Wesley,Foley,austinjordan@yahoo.com,6041712530,"041 Bean Heights
New Eugeneview, MA 34463",29/08/2022
280,Krystal,Davis,joseph72@johnson.info,001-385-015-4495x9340,"783 Watkins Prairie Apt. 173
Port Angela, MO 97797",14/11/2020
281,Melanie,Ramirez,henrysamuel@wagner.com,001-911-513-4507x919,"037 Jones Rue
Jamesville, SC 61665",25/05/2024
282,Amy,Mcmahon,martinezwilliam@gmail.com,975.268.0212x446,"81808 Lawson Route Suite 442
Nelsonberg, VA 38082",18/06/2023
283,Ronald,Williams,grayjulie@cordova.biz,1585791995,"8181 Jacob Square
Ricardoport, NH 63732",16/05/2022
284,Frank,Scott,kimberlywolfe@hotmail.com,+1-389-108-8850x211,"82533 Stephanie Bypass
Nataliemouth, FL 18709",13/06/2021
285,Christine,Davila,janetlee@smith-harding.com,(642)592-4306x367,"2592 Brent Common Apt. 339
West Sabrinaberg, IN 79063",12/01/2021
286,Andrea,Calhoun,ericasmith@gmail.com,+1-966-812-6146x02122,"89832 Troy Knolls
Jodifort, ME 65214",04/08/2020
287,Karl,Park,leedawn@smith.biz,001-035-030-0958x2461,"3068 Dorsey Spring
Jenniferbury, DE 12454",13/11/2021
288,Rose,Burton,roy24@leon.com,(627)008-6871x738,"983 Harris Keys Apt. 333
Lake Aliciaberg, CA 47656",31/01/2021
289,Francisco,Beck,rhonda95@hotmail.com,8434847937,"263 Joshua Forges
Cookton, ID 18801",01/06/2023
290,James,Green,james30@richardson.com,830.093.5663x668,"876 Danny Fields Suite 552
New Henryland, MN 38342",05/05/2022
291,Theodore,Mcfarland,hwilliams@hotmail.com,101-888-5411x0660,"16851 Garcia Causeway Apt. 494
Parksmouth, MA 93672",04/06/2024
292,Jessica,Davis,scottmatthew@snyder.com,001-218-278-5329x41833,"8184 Mcguire Crossroad
Port Jacquelineborough, OK 60693",01/05/2024
293,Glenda,Brewer,rogercole@owens.com,039.779.7429x1044,"09527 Michael Trafficway
South Michaelland, NE 98046",28/02/2024
294,Christina,Mckenzie,alicialivingston@patterson-leonard.com,(982)198-7339x6823,"PSC 0692, Box 9603
APO AA 30011",01/12/2023
295,Jessica,Greer,vanessagarcia@yahoo.com,(845)461-2777,"757 Robin Mount
Spencerland, OR 61353",22/03/2024
296,Jenna,Wells,allisontate@gmail.com,(285)728-1497,"52830 Estrada Cliffs
Lake Micheleport, WI 36381",19/05/2023
297,Erica,Ramirez,daniel73@hayes.com,001-510-457-3334x131,"9792 Pennington Shores
New Taraport, KS 73451",22/08/2021
298,Tina,Mathis,john36@hotmail.com,(464)527-4310,"016 Amanda Lodge Suite 909
Lorimouth, FL 30375",16/03/2023
299,Marie,Hoover,zachary52@atkins-barnes.net,225-952-3308,"87744 Yang Gateway
Joseside, OK 34394",16/04/2021
300,Kurt,Ayala,xcurry@joseph.com,155-971-5283x51959,"71285 Estrada Squares
Marciaview, VA 01468",15/08/2022
